{
  "subsets": {
    "A (Sector 31)": {
      "sectors": [
        31
      ],
      "N": 16154,
      "baseline_d": 25.42897822500663,
      "fit_success": true,
      "det_label": "MARGINAL",
      "significance": 3.0186983427757146,
      "numax": 42.551364184906944,
      "numax_err": 0.25772024825530404,
      "sigma_env": 7.9459710412033235,
      "H": 24905.98605690882,
      "H_err": 719.9539542179357,
      "s1": 1804.9724461925682,
      "t1": 7708.530285645996,
      "s2": 999.9999999999137,
      "t2": 2885.3436411092957,
      "C": 66.26045229057198,
      "popt": [
        1804.9724461925682,
        7708.530285645996,
        999.9999999999137,
        2885.3436411092957,
        24905.98605690882,
        42.551364184906944,
        7.9459710412033235,
        66.26045229057198
      ],
      "psd_scale": 0.005460680516250874,
      "C_noise": 138.234917885727
    },
    "B (Sectors 70+71)": {
      "sectors": [
        70,
        71
      ],
      "N": 30941,
      "baseline_d": 50.73313650481441,
      "fit_success": true,
      "det_label": "MARGINAL",
      "significance": 4.68635455151294,
      "numax": 43.44866241976677,
      "numax_err": 0.1257737381798703,
      "sigma_env": 6.487352154081137,
      "H": 31551.53067012486,
      "H_err": 666.3181653415555,
      "s1": 1901.966825980482,
      "t1": 8683.363909440006,
      "s2": 950.7992883897941,
      "t2": 3131.1966156217572,
      "C": 84.88264443077342,
      "popt": [
        1901.966825980482,
        8683.363909440006,
        950.7992883897941,
        3131.1966156217572,
        31551.53067012486,
        43.44866241976677,
        6.487352154081137,
        84.88264443077342
      ],
      "psd_scale": 0.0044168614128837,
      "C_noise": 102.04381487061686
    }
  },
  "consistency": {
    "numax_A": 42.551364184906944,
    "numax_A_err": 0.25772024825530404,
    "numax_B": 43.44866241976677,
    "numax_B_err": 0.1257737381798703,
    "diff_sigma": 3.128949384593171,
    "consistent": false,
    "verdict": "MARGINAL INCONSISTENCY \u2014 warrants caution",
    "det_A": "MARGINAL",
    "det_B": "MARGINAL",
    "sig_A": 3.0186983427757146,
    "sig_B": 4.68635455151294
  }
}